origin_date,target_date,horizon,origin_close,pred_close,actual_close,pred_delta,actual_delta,confidence,abs_error,ape_pct,dir_match,direction,regime,pre_guard_return_pct,pred_return_pct,direction_guard,confidence_guard,up_probability,trend_regime_code,trend_signal,jump_regime_code,jump_signal,branch_name,branch_used
2026-05-11,2026-05-25,10,1026.8,1024.47,1001.4,-2.33,-25.4,22.9,23.07,2.303775,True,跌,low,5.299,-0.227,bearish_guard,direction_guard_dampen,0.9937,-1.0,0.381,0.0,0.522,trend_down,True
2026-05-12,2026-05-25,9,1030.12,1028.05,1001.4,-2.07,-28.72,16.7,26.65,2.661274,True,跌,low,3.808,-0.201,long_low_confidence_fragility_guard,direction_guard_dampen,0.1836,0.0,0.198,0.0,0.609,normal,True
2026-05-12,2026-05-26,10,1030.12,1027.93,995.0,-2.19,-35.12,14.6,32.93,3.309548,True,跌,low,4.619,-0.212,long_low_confidence_fragility_guard,direction_guard_dampen,0.2355,0.0,0.198,0.0,0.609,normal,True
2026-05-13,2026-05-25,8,1030.56,1029.0,1001.4,-1.56,-29.16,21.4,27.6,2.756141,True,跌,low,5.753,-0.152,long_low_confidence_fragility_guard,direction_guard_dampen,0.9745,1.0,0.366,0.0,0.595,trend_up,True
2026-05-13,2026-05-26,9,1030.56,1028.9,995.0,-1.66,-35.56,21.0,33.9,3.407035,True,跌,low,4.314,-0.161,long_low_confidence_fragility_guard,direction_guard_dampen,0.9526,1.0,0.366,0.0,0.595,trend_up,True
2026-05-13,2026-05-27,10,1030.56,1028.81,983.56,-1.75,-47.0,20.1,45.25,4.600634,True,跌,low,5.447,-0.17,long_low_confidence_fragility_guard,direction_guard_dampen,0.9345,1.0,0.366,0.0,0.595,trend_up,True
2026-05-14,2026-05-25,7,1029.6,1027.77,1001.4,-1.83,-28.2,22.0,26.37,2.633313,True,跌,low,6.086,-0.177,bearish_guard,direction_guard_dampen,0.9738,-1.0,0.202,0.0,0.652,trend_down,True
2026-05-14,2026-05-26,8,1029.6,1027.65,995.0,-1.95,-34.6,21.3,32.65,3.281407,True,跌,low,6.919,-0.19,bearish_guard,direction_guard_dampen,0.9633,-1.0,0.202,0.0,0.652,trend_down,True
2026-05-14,2026-05-27,9,1029.6,1027.53,983.56,-2.07,-46.04,18.4,43.97,4.470495,True,跌,low,6.026,-0.201,bearish_guard,direction_guard_dampen,0.8844,-1.0,0.202,0.0,0.652,trend_down,True
2026-05-14,2026-05-28,10,1029.6,1027.42,961.18,-2.18,-68.42,16.0,66.24,6.891529,True,跌,low,7.12,-0.212,bearish_guard,direction_guard_dampen,0.8234,-1.0,0.202,0.0,0.652,trend_down,True
2026-05-15,2026-05-25,6,1004.38,1002.57,1001.4,-1.81,-2.98,17.5,1.17,0.116836,True,跌,low,5.896,-0.18,bearish_guard,direction_guard_dampen,0.8054,-1.0,0.526,0.0,0.693,trend_down,True
2026-05-15,2026-05-26,7,1004.38,1002.43,995.0,-1.95,-9.38,21.5,7.43,0.746734,True,跌,low,7.241,-0.194,bearish_guard,direction_guard_dampen,0.9677,-1.0,0.526,0.0,0.693,trend_down,True
2026-05-15,2026-05-27,8,1004.38,1002.29,983.56,-2.09,-20.82,20.2,18.73,1.904307,True,跌,low,5.672,-0.208,bearish_guard,direction_guard_dampen,0.9468,-1.0,0.526,0.0,0.693,trend_down,True
2026-05-15,2026-05-28,9,1004.38,1002.17,961.18,-2.21,-43.2,21.2,40.99,4.26455,True,跌,low,6.665,-0.22,bearish_guard,direction_guard_dampen,0.9773,-1.0,0.526,0.0,0.693,trend_down,True
2026-05-15,2026-05-29,10,1004.38,1002.05,989.4,-2.33,-14.98,21.5,12.65,1.278553,True,跌,low,6.365,-0.232,bearish_guard,direction_guard_dampen,0.9943,-1.0,0.526,0.0,0.693,trend_down,True
2026-05-18,2026-05-25,5,999.8,1003.8,1001.4,4.0,1.6,29.4,2.4,0.239664,True,涨,low,6.03,0.4,delayed_capitulation_rebound_release,direction_guard_dampen,0.9928,-1.0,0.705,0.0,0.541,trend_down,True
2026-05-18,2026-05-26,6,999.8,997.95,995.0,-1.85,-4.8,24.1,2.95,0.296482,True,跌,low,6.108,-0.185,bearish_guard,direction_guard_dampen,0.9899,-1.0,0.705,0.0,0.541,trend_down,True
2026-05-18,2026-05-27,7,999.8,997.8,983.56,-2.0,-16.24,21.8,14.24,1.447802,True,跌,low,5.671,-0.2,bearish_guard,direction_guard_dampen,0.9854,-1.0,0.705,0.0,0.541,trend_down,True
2026-05-18,2026-05-28,8,999.8,997.66,961.18,-2.14,-38.62,21.3,36.48,3.795335,True,跌,low,5.597,-0.214,bearish_guard,direction_guard_dampen,0.9874,-1.0,0.705,0.0,0.541,trend_down,True
2026-05-18,2026-05-29,9,999.8,997.53,989.4,-2.27,-10.4,21.2,8.13,0.82171,True,跌,low,6.069,-0.227,bearish_guard,direction_guard_dampen,0.9853,-1.0,0.705,0.0,0.541,trend_down,True
2026-05-18,2026-06-01,10,999.8,997.41,983.58,-2.39,-16.22,21.2,13.83,1.406088,True,跌,low,6.501,-0.239,bearish_guard,direction_guard_dampen,0.9937,-1.0,0.705,0.0,0.541,trend_down,True
2026-05-19,2026-05-25,4,1002.18,999.98,1001.4,-2.2,-0.78,35.8,1.42,0.141801,True,跌,low,3.338,-0.22,mid_failed_rebound_guard,direction_guard_dampen,0.988,0.0,0.18,0.0,0.735,normal,True
2026-05-19,2026-05-26,5,1002.18,1000.43,995.0,-1.75,-7.18,29.1,5.43,0.545729,True,跌,low,4.85,-0.175,stalled_bullish_carry_guard,direction_guard_dampen,0.9783,0.0,0.18,0.0,0.735,normal,True
2026-05-19,2026-05-27,6,1002.18,1000.53,983.56,-1.65,-18.62,23.7,16.97,1.725365,True,跌,low,4.269,-0.164,bearish_guard,direction_guard_dampen,0.9796,0.0,0.18,0.0,0.735,normal,True
2026-05-19,2026-05-28,7,1002.18,1000.4,961.18,-1.78,-41.0,20.2,39.22,4.080401,True,跌,low,3.857,-0.177,bearish_guard,direction_guard_dampen,0.9385,0.0,0.18,0.0,0.735,normal,True
2026-05-19,2026-05-29,8,1002.18,1000.28,989.4,-1.9,-12.78,20.7,10.88,1.099656,True,跌,low,2.63,-0.19,bearish_guard,direction_guard_dampen,0.9713,0.0,0.18,0.0,0.735,normal,True
2026-05-19,2026-06-01,9,1002.18,1000.16,983.58,-2.02,-18.6,20.2,16.58,1.685679,True,跌,low,3.456,-0.201,bearish_guard,direction_guard_dampen,0.9547,0.0,0.18,0.0,0.735,normal,True
2026-05-19,2026-06-02,10,1002.18,1000.05,990.6,-2.13,-11.58,20.1,9.45,0.953967,True,跌,low,4.979,-0.212,bearish_guard,direction_guard_dampen,0.9697,0.0,0.18,0.0,0.735,normal,True
2026-05-20,2026-05-25,3,986.64,999.66,1001.4,13.02,14.76,39.2,1.74,0.173757,True,涨,normal,4.434,1.552,near_bearish_decay,direction_guard_dampen,0.9668,-1.0,0.362,0.0,0.507,trend_down,True
2026-05-20,2026-05-26,4,986.64,1005.84,995.0,19.2,8.36,36.0,10.84,1.089447,True,涨,normal,5.088,2.289,mid_horizon_structure_decay,direction_guard_dampen,0.9918,-1.0,0.362,0.0,0.507,trend_down,True
2026-05-20,2026-05-27,5,986.64,985.3,983.56,-1.34,-3.08,31.0,1.74,0.176908,True,跌,normal,7.429,-0.16,bearish_guard,direction_guard_dampen,0.9948,-1.0,0.362,0.0,0.507,trend_down,True
2026-05-20,2026-05-28,6,986.64,985.17,961.18,-1.47,-25.46,24.6,23.99,2.49589,True,跌,normal,6.884,-0.175,bearish_guard,direction_guard_dampen,0.9948,-1.0,0.362,0.0,0.507,trend_down,True
2026-05-20,2026-05-29,7,986.64,985.05,989.4,-1.59,2.76,21.9,4.35,0.43966,False,跌,normal,6.81,-0.189,bearish_guard,direction_guard_dampen,0.9885,-1.0,0.362,0.0,0.507,trend_down,True
2026-05-20,2026-06-01,8,986.64,984.95,983.58,-1.69,-3.06,21.7,1.37,0.139287,True,跌,normal,5.819,-0.202,bearish_guard,direction_guard_dampen,0.9924,-1.0,0.362,0.0,0.507,trend_down,True
2026-05-20,2026-06-02,9,986.64,984.84,990.6,-1.8,3.96,21.2,5.76,0.581466,False,跌,normal,5.952,-0.214,bearish_guard,direction_guard_dampen,0.9859,-1.0,0.362,0.0,0.507,trend_down,True
2026-05-20,2026-06-03,10,986.64,984.75,977.08,-1.89,-9.56,20.7,7.67,0.784992,True,跌,normal,8.007,-0.226,bearish_guard,direction_guard_dampen,0.997,-1.0,0.362,0.0,0.507,trend_down,True
2026-05-21,2026-05-25,2,995.38,1012.51,1001.4,17.13,6.02,57.9,11.11,1.109447,True,涨,normal,2.025,2.025,none,none,0.8716,0.0,0.181,0.0,0.476,normal,True
2026-05-21,2026-05-26,3,995.38,993.77,995.0,-1.61,-0.38,36.9,1.23,0.123618,True,跌,normal,2.091,-0.191,mid_failed_rebound_guard,direction_guard_dampen,0.9286,0.0,0.181,0.0,0.476,normal,True
2026-05-21,2026-05-27,4,995.38,993.52,983.56,-1.86,-11.82,35.1,9.96,1.012648,True,跌,normal,2.826,-0.22,mid_failed_rebound_guard,direction_guard_dampen,0.9833,0.0,0.181,0.0,0.476,normal,True
2026-05-21,2026-05-28,5,995.38,993.9,961.18,-1.48,-34.2,29.4,32.72,3.404149,True,跌,normal,2.784,-0.175,stalled_bullish_carry_guard,direction_guard_dampen,0.9681,0.0,0.181,0.0,0.476,normal,True
2026-05-21,2026-05-29,6,995.38,993.99,989.4,-1.39,-5.98,24.8,4.59,0.463918,True,跌,normal,3.624,-0.164,long_low_confidence_fragility_guard,direction_guard_dampen,0.9832,0.0,0.181,0.0,0.476,normal,True
2026-05-21,2026-06-01,7,995.38,993.88,983.58,-1.5,-11.8,21.4,10.3,1.047195,True,跌,normal,3.384,-0.177,long_low_confidence_fragility_guard,direction_guard_dampen,0.983,0.0,0.181,0.0,0.476,normal,True
2026-05-21,2026-06-02,8,995.38,993.77,990.6,-1.61,-4.78,21.4,3.17,0.320008,True,跌,normal,2.976,-0.19,long_low_confidence_fragility_guard,direction_guard_dampen,0.9906,0.0,0.181,0.0,0.476,normal,True
2026-05-21,2026-06-03,9,995.38,993.68,977.08,-1.7,-18.3,21.0,16.6,1.69894,True,跌,normal,3.878,-0.201,long_low_confidence_fragility_guard,direction_guard_dampen,0.9886,0.0,0.181,0.0,0.476,normal,True
2026-05-21,2026-06-04,10,995.38,993.59,977.94,-1.79,-17.44,20.0,15.65,1.600303,True,跌,normal,4.65,-0.212,long_low_confidence_fragility_guard,direction_guard_dampen,0.9834,0.0,0.181,0.0,0.476,normal,True
2026-05-22,2026-05-25,1,995.76,1001.92,1001.4,6.16,5.64,46.0,0.52,0.051927,True,涨,normal,0.728,0.728,none,none,0.6709,1.0,0.361,0.0,0.597,trend_up,True
2026-05-22,2026-05-26,2,995.76,994.8,995.0,-0.96,-0.76,15.6,0.2,0.020101,True,跌,normal,1.516,-0.113,short_trendup_classifier_veto_guard,direction_guard_dampen|low_edge_confidence_dampen,0.3319,1.0,0.361,0.0,0.597,trend_up,True
2026-05-22,2026-05-27,3,995.76,994.15,983.56,-1.61,-12.2,18.7,10.59,1.076701,True,跌,normal,2.022,-0.191,mid_failed_rebound_guard,direction_guard_dampen,0.6422,1.0,0.361,0.0,0.597,trend_up,True
2026-05-22,2026-05-28,4,995.76,993.9,961.18,-1.86,-34.58,30.5,32.72,3.404149,True,跌,normal,2.804,-0.22,mid_failed_rebound_guard,direction_guard_dampen,0.8948,1.0,0.361,0.0,0.597,trend_up,True
2026-05-22,2026-05-29,5,995.76,994.58,989.4,-1.18,-6.36,28.9,5.18,0.52355,True,跌,normal,1.635,-0.14,stalled_bullish_carry_guard,direction_guard_dampen,0.9658,1.0,0.361,0.0,0.597,trend_up,True
2026-05-22,2026-06-01,6,995.76,994.37,983.58,-1.39,-12.18,23.9,10.79,1.097013,True,跌,normal,1.3,-0.164,long_low_confidence_fragility_guard,direction_guard_dampen,0.9603,1.0,0.361,0.0,0.597,trend_up,True
2026-05-22,2026-06-02,7,995.76,994.26,990.6,-1.5,-5.16,20.0,3.66,0.369473,True,跌,normal,0.785,-0.177,long_low_confidence_fragility_guard,direction_guard_dampen,0.9421,1.0,0.361,0.0,0.597,trend_up,True
2026-05-22,2026-06-03,8,995.76,994.15,977.08,-1.61,-18.68,18.6,17.07,1.747042,True,跌,normal,1.236,-0.19,long_low_confidence_fragility_guard,direction_guard_dampen,0.9152,1.0,0.361,0.0,0.597,trend_up,True
2026-05-22,2026-06-04,9,995.76,994.06,977.94,-1.7,-17.82,15.7,16.12,1.648363,True,跌,normal,2.392,-0.201,long_low_confidence_fragility_guard,direction_guard_dampen,0.8397,1.0,0.361,0.0,0.597,trend_up,True
2026-05-22,2026-06-05,10,995.76,993.96,974.02,-1.8,-21.74,18.2,19.94,2.047186,True,跌,normal,3.096,-0.212,long_low_confidence_fragility_guard,direction_guard_dampen,0.9385,1.0,0.361,0.0,0.597,trend_up,True
2026-05-25,2026-05-26,1,1001.4,999.9,995.0,-1.5,-6.4,30.0,4.9,0.492462,True,跌,normal,-0.176,-0.176,none,low_edge_confidence_dampen,0.2986,1.0,0.579,0.0,0.704,trend_up,True
2026-05-25,2026-05-27,2,1001.4,1000.44,983.56,-0.96,-17.84,12.0,16.88,1.716215,True,跌,normal,0.454,-0.113,short_trendup_classifier_veto_guard,direction_guard_dampen|low_edge_confidence_dampen,0.4166,1.0,0.579,0.0,0.704,trend_up,True
2026-05-25,2026-05-28,3,1001.4,999.78,961.18,-1.62,-40.22,14.6,38.6,4.015897,True,跌,normal,0.568,-0.191,mid_failed_rebound_guard,direction_guard_dampen,0.4343,1.0,0.579,0.0,0.704,trend_up,True
2026-05-25,2026-05-29,4,1001.4,999.53,989.4,-1.87,-12.0,16.6,10.13,1.023853,True,跌,normal,0.367,-0.22,mid_failed_rebound_guard,direction_guard_dampen,0.3614,1.0,0.579,0.0,0.704,trend_up,True
2026-05-25,2026-06-01,5,1001.4,1000.38,983.58,-1.02,-17.82,12.1,16.8,1.708046,True,跌,normal,0.619,-0.12,long_low_confidence_fragility_guard,direction_guard_dampen,0.5989,1.0,0.579,0.0,0.704,trend_up,True
2026-05-25,2026-06-02,6,1001.4,1000.28,990.6,-1.12,-10.8,22.2,9.68,0.977186,True,跌,normal,0.244,-0.131,long_low_confidence_fragility_guard,direction_guard_dampen,0.932,1.0,0.579,0.0,0.704,trend_up,True
2026-05-25,2026-06-03,7,1001.4,1000.19,977.08,-1.21,-24.32,20.5,23.11,2.365211,True,跌,normal,0.377,-0.142,long_low_confidence_fragility_guard,direction_guard_dampen,0.9472,1.0,0.579,0.0,0.704,trend_up,True
2026-05-25,2026-06-04,8,1001.4,1000.11,977.94,-1.29,-23.46,19.2,22.17,2.26701,True,跌,normal,0.193,-0.152,long_low_confidence_fragility_guard,direction_guard_dampen,0.9246,1.0,0.579,0.0,0.704,trend_up,True
2026-05-25,2026-06-05,9,1001.4,1000.03,974.02,-1.37,-27.38,15.3,26.01,2.670376,True,跌,normal,1.879,-0.161,long_low_confidence_fragility_guard,direction_guard_dampen,0.8348,1.0,0.579,0.0,0.704,trend_up,True
2026-05-25,2026-06-08,10,1001.4,999.96,942.2,-1.44,-59.2,17.2,57.76,6.130333,True,跌,normal,2.341,-0.17,long_low_confidence_fragility_guard,direction_guard_dampen,0.9182,1.0,0.579,0.0,0.704,trend_up,True
2026-05-26,2026-05-27,1,995.0,994.05,983.56,-0.95,-11.44,20.6,10.49,1.066534,True,跌,normal,0.933,-0.112,near_unresolved_breakdown_guard,direction_guard_dampen|low_edge_confidence_dampen,0.2941,-1.0,0.207,0.0,0.569,trend_down,True
2026-05-26,2026-05-28,2,995.0,993.92,961.18,-1.08,-33.82,23.9,32.74,3.40623,True,跌,normal,1.116,-0.127,near_unresolved_breakdown_guard,direction_guard_dampen|low_edge_confidence_dampen,0.8598,-1.0,0.207,0.0,0.569,trend_down,True
2026-05-26,2026-05-29,3,995.0,993.35,989.4,-1.65,-5.6,36.7,3.95,0.399232,True,跌,normal,2.048,-0.195,near_unresolved_breakdown_guard,direction_guard_dampen,0.9517,-1.0,0.207,0.0,0.569,trend_down,True
2026-05-26,2026-06-01,4,995.0,993.1,983.58,-1.9,-11.42,31.9,9.52,0.967893,True,跌,normal,2.029,-0.225,near_unresolved_breakdown_guard,direction_guard_dampen,0.9125,-1.0,0.207,0.0,0.569,trend_down,True
2026-05-26,2026-06-02,5,995.0,993.73,990.6,-1.27,-4.4,29.7,3.13,0.31597,True,跌,normal,2.343,-0.15,bearish_guard,direction_guard_dampen,0.9908,-1.0,0.207,0.0,0.569,trend_down,True
2026-05-26,2026-06-03,6,995.0,993.61,977.08,-1.39,-17.92,24.4,16.53,1.691775,True,跌,normal,2.102,-0.164,bearish_guard,direction_guard_dampen,0.9896,-1.0,0.207,0.0,0.569,trend_down,True
2026-05-26,2026-06-04,7,995.0,993.5,977.94,-1.5,-17.06,22.3,15.56,1.5911,True,跌,normal,1.23,-0.177,bearish_guard,direction_guard_dampen,0.9849,-1.0,0.207,0.0,0.569,trend_down,True
2026-05-26,2026-06-05,8,995.0,993.4,974.02,-1.6,-20.98,21.5,19.38,1.989692,True,跌,normal,1.865,-0.19,bearish_guard,direction_guard_dampen,0.993,-1.0,0.207,0.0,0.569,trend_down,True
2026-05-26,2026-06-08,9,995.0,993.3,942.2,-1.7,-52.8,21.0,51.1,5.423477,True,跌,normal,4.262,-0.201,bearish_guard,direction_guard_dampen,0.9967,-1.0,0.207,0.0,0.569,trend_down,True
2026-05-26,2026-06-09,10,995.0,993.21,947.04,-1.79,-47.96,20.2,46.17,4.87519,True,跌,normal,4.573,-0.212,bearish_guard,direction_guard_dampen,0.9975,-1.0,0.207,0.0,0.569,trend_down,True
2026-05-27,2026-05-28,1,983.56,982.72,961.18,-0.84,-22.38,21.7,21.54,2.240995,True,跌,normal,0.257,-0.1,short_structure_guard,direction_guard_dampen|low_edge_confidence_dampen,0.2717,-1.0,0.433,0.0,0.718,trend_down,True
2026-05-27,2026-05-29,2,983.56,985.16,989.4,1.6,5.84,38.8,4.24,0.428543,True,涨,normal,1.06,0.191,short_structure_classifier_rebound_release,direction_guard_dampen,0.8976,-1.0,0.433,0.0,0.718,trend_down,True
2026-05-27,2026-06-01,3,983.56,986.87,983.58,3.31,0.02,36.6,3.29,0.334492,True,涨,normal,2.2,0.396,short_structure_classifier_rebound_release,direction_guard_dampen,0.959,-1.0,0.433,0.0,0.718,trend_down,True
2026-05-27,2026-06-02,4,983.56,991.18,990.6,7.62,7.04,32.0,0.58,0.05855,True,涨,normal,2.025,0.911,mid_horizon_structure_decay,direction_guard_dampen,0.9158,-1.0,0.433,0.0,0.718,trend_down,True
2026-05-27,2026-06-03,5,983.56,982.21,977.08,-1.35,-6.48,28.8,5.13,0.525034,True,跌,normal,2.347,-0.162,bearish_guard,direction_guard_dampen,0.9626,-1.0,0.433,0.0,0.718,trend_down,True
2026-05-27,2026-06-04,6,983.56,982.08,977.94,-1.48,-5.62,24.8,4.14,0.423339,True,跌,normal,2.262,-0.177,bearish_guard,direction_guard_dampen,0.9927,-1.0,0.433,0.0,0.718,trend_down,True
2026-05-27,2026-06-05,7,983.56,981.96,974.02,-1.6,-9.54,21.3,7.94,0.815178,True,跌,normal,2.738,-0.191,bearish_guard,direction_guard_dampen,0.971,-1.0,0.433,0.0,0.718,trend_down,True
2026-05-27,2026-06-08,8,983.56,981.85,942.2,-1.71,-41.36,21.2,39.65,4.208236,True,跌,normal,2.496,-0.205,bearish_guard,direction_guard_dampen,0.9846,-1.0,0.433,0.0,0.718,trend_down,True
2026-05-27,2026-06-09,9,983.56,981.75,947.04,-1.81,-36.52,20.7,34.71,3.665104,True,跌,normal,4.392,-0.217,bearish_guard,direction_guard_dampen,0.996,-1.0,0.433,0.0,0.718,trend_down,True
2026-05-27,2026-06-10,10,983.56,981.65,919.32,-1.91,-64.24,20.8,62.33,6.780011,True,跌,normal,4.331,-0.229,bearish_guard,direction_guard_dampen,0.998,-1.0,0.433,0.0,0.718,trend_down,True
2026-05-28,2026-05-29,1,961.18,963.7,989.4,2.52,28.22,82.7,25.7,2.597534,True,涨,normal,0.309,0.309,capitulation_rebound_release,none,0.9964,-1.0,0.761,1.0,1.036,jump,True
2026-05-28,2026-06-01,2,961.18,964.78,983.58,3.6,22.4,68.6,18.8,1.911385,True,涨,normal,0.44,0.44,capitulation_rebound_release,none,0.9964,-1.0,0.761,1.0,1.036,jump,True
2026-05-28,2026-06-02,3,961.18,992.99,990.6,31.81,29.42,51.5,2.39,0.241268,True,涨,normal,3.894,3.894,none,none,0.9315,-1.0,0.761,1.0,1.036,,False
2026-05-28,2026-06-03,4,961.18,990.97,977.08,29.79,15.9,47.1,13.89,1.421583,True,涨,normal,3.647,3.647,none,none,0.9247,-1.0,0.761,1.0,1.036,,False
2026-05-28,2026-06-04,5,961.18,964.45,977.94,3.27,16.76,28.5,13.49,1.37943,True,涨,normal,4.992,0.4,delayed_capitulation_rebound_release,direction_guard_dampen,0.9484,-1.0,0.761,1.0,1.036,,False
2026-05-28,2026-06-05,6,961.18,964.45,974.02,3.27,12.84,24.4,9.57,0.982526,True,涨,normal,3.896,0.4,delayed_capitulation_rebound_release,direction_guard_dampen,0.9651,-1.0,0.761,1.0,1.036,,False
2026-05-28,2026-06-08,7,961.18,959.53,942.2,-1.65,-18.98,21.4,17.33,1.839312,True,跌,normal,4.362,-0.202,bearish_guard,direction_guard_dampen,0.9639,-1.0,0.761,1.0,1.036,,False
2026-05-28,2026-06-09,8,961.18,959.42,947.04,-1.76,-14.14,20.1,12.38,1.307231,True,跌,normal,5.409,-0.216,bearish_guard,direction_guard_dampen,0.9424,-1.0,0.761,1.0,1.036,,False
2026-05-28,2026-06-10,9,961.18,959.31,919.32,-1.87,-41.86,18.8,39.99,4.349954,True,跌,normal,6.111,-0.229,bearish_guard,direction_guard_dampen,0.9405,-1.0,0.761,1.0,1.036,,False
2026-05-28,2026-06-11,10,961.18,959.21,895.0,-1.97,-66.18,19.5,64.21,7.174302,True,跌,normal,6.842,-0.241,bearish_guard,direction_guard_dampen,0.9698,-1.0,0.761,1.0,1.036,,False
2026-05-29,2026-06-01,1,989.4,988.39,983.58,-1.01,-5.82,34.2,4.81,0.48903,True,跌,normal,0.93,-0.12,post_capitulation_rebound_fade,direction_guard_dampen|low_edge_confidence_dampen,0.9638,0.0,0.193,0.0,0.476,normal,True
2026-05-29,2026-06-02,2,989.4,1005.0,990.6,15.6,1.2,39.9,14.4,1.453664,True,涨,normal,1.855,1.855,none,whipsaw_confidence_dampen,0.8724,0.0,0.193,0.0,0.476,normal,True
2026-05-29,2026-06-03,3,989.4,987.94,977.08,-1.46,-12.32,7.2,10.86,1.111475,True,跌,normal,1.079,-0.173,rebound_exhaustion_guard,whipsaw_confidence_dampen|direction_guard_dampen|low_edge_confidence_dampen,0.671,0.0,0.193,0.0,0.476,normal,True
2026-05-29,2026-06-04,4,989.4,987.72,977.94,-1.68,-11.46,14.8,9.78,1.000061,True,跌,normal,1.076,-0.2,rebound_exhaustion_guard,whipsaw_confidence_dampen|direction_guard_dampen,0.791,0.0,0.193,0.0,0.476,normal,True
2026-05-29,2026-06-05,5,989.4,988.39,974.02,-1.01,-15.38,16.4,14.37,1.475329,True,跌,normal,1.713,-0.12,long_low_confidence_fragility_guard,whipsaw_confidence_dampen|direction_guard_dampen,0.9229,0.0,0.193,0.0,0.476,normal,True
2026-05-29,2026-06-08,6,989.4,988.29,942.2,-1.11,-47.2,11.4,46.09,4.891743,True,跌,normal,1.273,-0.131,long_low_confidence_fragility_guard,whipsaw_confidence_dampen|direction_guard_dampen,0.8271,0.0,0.193,0.0,0.476,normal,True
2026-05-29,2026-06-09,7,989.4,988.21,947.04,-1.19,-42.36,13.7,41.17,4.347229,True,跌,normal,2.292,-0.142,long_low_confidence_fragility_guard,whipsaw_confidence_dampen|direction_guard_dampen,0.9826,0.0,0.193,0.0,0.476,normal,True
2026-05-29,2026-06-10,8,989.4,988.12,919.32,-1.28,-70.08,13.4,68.8,7.483792,True,跌,normal,2.311,-0.152,long_low_confidence_fragility_guard,whipsaw_confidence_dampen|direction_guard_dampen,0.9862,0.0,0.193,0.0,0.476,normal,True
2026-05-29,2026-06-11,9,989.4,988.05,895.0,-1.35,-94.4,12.0,93.05,10.396648,True,跌,normal,2.074,-0.161,long_low_confidence_fragility_guard,whipsaw_confidence_dampen|direction_guard_dampen,0.9742,0.0,0.193,0.0,0.476,normal,True
2026-05-29,2026-06-12,10,989.4,987.97,911.62,-1.43,-77.78,12.0,76.35,8.3752,True,跌,normal,3.536,-0.17,long_low_confidence_fragility_guard,whipsaw_confidence_dampen|direction_guard_dampen,0.9752,0.0,0.193,0.0,0.476,normal,True
2026-06-01,2026-06-02,1,983.58,984.25,990.6,0.67,7.02,22.6,6.35,0.641026,True,涨,normal,-0.036,0.08,cross_market_rebound_release,direction_guard_dampen|tiny_edge_confidence_dampen,0.1003,-1.0,0.229,0.0,0.326,trend_down,True
2026-06-01,2026-06-03,2,983.58,982.52,977.08,-1.06,-6.5,26.4,5.44,0.556761,True,跌,normal,0.744,-0.127,near_unresolved_breakdown_guard,direction_guard_dampen|low_edge_confidence_dampen,0.9358,-1.0,0.229,0.0,0.326,trend_down,True
2026-06-01,2026-06-04,3,983.58,982.13,977.94,-1.45,-5.64,23.1,4.19,0.428452,True,跌,normal,0.882,-0.173,near_breakdown_guard,direction_guard_dampen|low_edge_confidence_dampen,0.8915,-1.0,0.229,0.0,0.326,trend_down,True
2026-06-01,2026-06-05,4,983.58,981.7,974.02,-1.88,-9.56,29.6,7.68,0.788485,True,跌,normal,2.006,-0.225,near_unresolved_breakdown_guard,direction_guard_dampen,0.8866,-1.0,0.229,0.0,0.326,trend_down,True
2026-06-01,2026-06-08,5,983.58,982.33,942.2,-1.25,-41.38,30.1,40.13,4.259181,True,跌,normal,2.835,-0.15,bearish_guard,direction_guard_dampen,0.9912,-1.0,0.229,0.0,0.326,trend_down,True
2026-06-01,2026-06-09,6,983.58,982.21,947.04,-1.37,-36.54,25.5,35.17,3.713676,True,跌,normal,2.793,-0.164,bearish_guard,direction_guard_dampen,0.9938,-1.0,0.229,0.0,0.326,trend_down,True
2026-06-01,2026-06-10,7,983.58,982.1,919.32,-1.48,-64.26,22.7,62.78,6.828961,True,跌,normal,2.522,-0.177,bearish_guard,direction_guard_dampen,0.9948,-1.0,0.229,0.0,0.326,trend_down,True
2026-06-01,2026-06-11,8,983.58,981.99,895.0,-1.59,-88.58,22.3,86.99,9.719553,True,跌,normal,2.602,-0.19,bearish_guard,direction_guard_dampen,0.9934,-1.0,0.229,0.0,0.326,trend_down,True
2026-06-01,2026-06-12,9,983.58,981.9,911.62,-1.68,-71.96,22.2,70.28,7.709353,True,跌,normal,4.0,-0.201,bearish_guard,direction_guard_dampen,0.9967,-1.0,0.229,0.0,0.326,trend_down,True
2026-06-01,2026-06-15,10,983.58,981.81,938.94,-1.77,-44.64,21.7,42.87,4.565787,True,跌,normal,4.821,-0.212,bearish_guard,direction_guard_dampen,0.9989,-1.0,0.229,0.0,0.326,trend_down,True
2026-06-02,2026-06-03,1,990.6,986.81,977.08,-3.79,-13.52,36.3,9.73,0.995824,True,跌,normal,-0.45,-0.45,none,none,0.4172,1.0,0.263,0.0,0.331,trend_up,True
2026-06-02,2026-06-04,2,990.6,983.25,977.94,-7.35,-12.66,36.8,5.31,0.542978,True,跌,normal,-0.873,-0.873,none,none,0.6842,1.0,0.263,0.0,0.331,trend_up,True
2026-06-02,2026-06-05,3,990.6,989.43,974.02,-1.17,-16.58,16.5,15.41,1.582103,True,跌,normal,0.243,-0.139,weak_trendup_fatigue_guard,direction_guard_dampen|low_edge_confidence_dampen,0.773,1.0,0.263,0.0,0.331,trend_up,True
2026-06-02,2026-06-08,4,990.6,989.25,942.2,-1.35,-48.4,10.4,47.05,4.993632,True,跌,normal,0.295,-0.16,weak_trendup_fatigue_guard,direction_guard_dampen,0.5111,1.0,0.263,0.0,0.331,trend_up,True
2026-06-02,2026-06-09,5,990.6,989.59,947.04,-1.01,-43.56,16.5,42.55,4.492946,True,跌,normal,1.364,-0.12,long_low_confidence_fragility_guard,direction_guard_dampen,0.6965,1.0,0.263,0.0,0.331,trend_up,True
2026-06-02,2026-06-10,6,990.6,989.49,919.32,-1.11,-71.28,21.4,70.17,7.632816,True,跌,normal,0.73,-0.131,long_low_confidence_fragility_guard,direction_guard_dampen,0.8941,1.0,0.263,0.0,0.331,trend_up,True
2026-06-02,2026-06-11,7,990.6,989.4,895.0,-1.2,-95.6,21.9,94.4,10.547486,True,跌,normal,1.106,-0.142,long_low_confidence_fragility_guard,direction_guard_dampen,0.9623,1.0,0.263,0.0,0.331,trend_up,True
2026-06-02,2026-06-12,8,990.6,989.32,911.62,-1.28,-78.98,21.4,77.7,8.523288,True,跌,normal,2.222,-0.152,long_low_confidence_fragility_guard,direction_guard_dampen,0.9391,1.0,0.263,0.0,0.331,trend_up,True
2026-06-02,2026-06-15,9,990.6,989.24,938.94,-1.36,-51.66,21.6,50.3,5.357105,True,跌,normal,3.815,-0.161,long_low_confidence_fragility_guard,direction_guard_dampen,0.9465,1.0,0.263,0.0,0.331,trend_up,True
2026-06-02,2026-06-16,10,990.6,989.17,941.72,-1.43,-48.88,15.8,47.45,5.038653,True,跌,normal,2.832,-0.17,long_low_confidence_fragility_guard,direction_guard_dampen,0.8076,1.0,0.263,0.0,0.331,trend_up,True
2026-06-03,2026-06-04,1,977.08,977.58,977.94,0.5,0.86,23.3,0.36,0.036812,True,涨,normal,-0.243,0.061,t1_premium_countertrend_release,direction_guard_dampen|tiny_edge_confidence_dampen,0.0463,-1.0,0.232,0.0,0.334,trend_down,True
2026-06-03,2026-06-05,2,977.08,976.02,974.02,-1.06,-3.06,12.4,2.0,0.205335,True,跌,normal,0.694,-0.127,near_unresolved_breakdown_guard,direction_guard_dampen|low_edge_confidence_dampen,0.5836,-1.0,0.232,0.0,0.334,trend_down,True
2026-06-03,2026-06-08,3,977.08,975.46,942.2,-1.62,-34.88,10.3,33.26,3.530036,True,跌,normal,1.439,-0.195,near_unresolved_breakdown_guard,direction_guard_dampen|low_edge_confidence_dampen,0.5911,-1.0,0.232,0.0,0.334,trend_down,True
2026-06-03,2026-06-09,4,977.08,975.21,947.04,-1.87,-30.04,24.1,28.17,2.974531,True,跌,normal,1.38,-0.225,near_unresolved_breakdown_guard,direction_guard_dampen,0.7469,-1.0,0.232,0.0,0.334,trend_down,True
2026-06-03,2026-06-10,5,977.08,975.83,919.32,-1.25,-57.76,22.8,56.51,6.146935,True,跌,normal,1.208,-0.15,bearish_guard,direction_guard_dampen,0.8206,-1.0,0.232,0.0,0.334,trend_down,True
2026-06-03,2026-06-11,6,977.08,975.72,895.0,-1.36,-82.08,24.5,80.72,9.018994,True,跌,normal,1.91,-0.164,bearish_guard,direction_guard_dampen,0.985,-1.0,0.232,0.0,0.334,trend_down,True
2026-06-03,2026-06-12,7,977.08,975.61,911.62,-1.47,-65.46,22.0,63.99,7.019372,True,跌,normal,2.085,-0.177,bearish_guard,direction_guard_dampen,0.9838,-1.0,0.232,0.0,0.334,trend_down,True
2026-06-03,2026-06-15,8,977.08,975.5,938.94,-1.58,-38.14,22.1,36.56,3.893753,True,跌,normal,3.641,-0.19,bearish_guard,direction_guard_dampen,0.9948,-1.0,0.232,0.0,0.334,trend_down,True
2026-06-03,2026-06-16,9,977.08,975.41,941.72,-1.67,-35.36,21.3,33.69,3.577496,True,跌,normal,4.83,-0.201,bearish_guard,direction_guard_dampen,0.9951,-1.0,0.232,0.0,0.334,trend_down,True
2026-06-03,2026-06-17,10,977.08,975.32,942.94,-1.76,-34.14,22.5,32.38,3.433941,True,跌,normal,6.388,-0.212,bearish_guard,direction_guard_dampen,0.9987,-1.0,0.232,0.0,0.334,trend_down,True
2026-06-04,2026-06-05,1,977.94,977.19,974.02,-0.75,-3.92,7.9,3.17,0.325455,True,跌,normal,0.28,-0.09,weak_t1_trendup_rollover_guard,direction_guard_dampen|tiny_edge_confidence_dampen,0.5385,1.0,0.203,0.0,0.191,trend_up,True
2026-06-04,2026-06-08,2,977.94,976.02,942.2,-1.92,-35.74,29.3,33.82,3.589471,True,跌,normal,-0.231,-0.231,none,none,0.6089,1.0,0.203,0.0,0.191,trend_up,True
2026-06-04,2026-06-09,3,977.94,976.36,947.04,-1.58,-30.9,22.3,29.32,3.095962,True,跌,normal,1.453,-0.191,mid_failed_rebound_guard,direction_guard_dampen|low_edge_confidence_dampen,0.9316,1.0,0.203,0.0,0.191,trend_up,True
2026-06-04,2026-06-10,4,977.94,976.11,919.32,-1.83,-58.62,31.6,56.79,6.177392,True,跌,normal,1.778,-0.22,mid_failed_rebound_guard,direction_guard_dampen,0.899,1.0,0.203,0.0,0.191,trend_up,True
2026-06-04,2026-06-11,5,977.94,976.69,895.0,-1.25,-82.94,28.4,81.69,9.127374,True,跌,normal,2.613,-0.15,bearish_guard,direction_guard_dampen,0.9543,1.0,0.203,0.0,0.191,trend_up,True
2026-06-04,2026-06-12,6,977.94,976.57,911.62,-1.37,-66.32,24.3,64.95,7.124679,True,跌,normal,1.937,-0.164,bearish_guard,direction_guard_dampen,0.9711,1.0,0.203,0.0,0.191,trend_up,True
2026-06-04,2026-06-15,7,977.94,976.46,938.94,-1.48,-39.0,21.6,37.52,3.995995,True,跌,normal,3.448,-0.177,bearish_guard,direction_guard_dampen,0.9715,1.0,0.203,0.0,0.191,trend_up,True
2026-06-04,2026-06-16,8,977.94,976.36,941.72,-1.58,-36.22,20.2,34.64,3.678376,True,跌,normal,4.157,-0.19,bearish_guard,direction_guard_dampen,0.9813,1.0,0.203,0.0,0.191,trend_up,True
2026-06-04,2026-06-17,9,977.94,976.27,942.94,-1.67,-35.0,20.5,33.33,3.534689,True,跌,normal,6.468,-0.201,bearish_guard,direction_guard_dampen,0.9802,1.0,0.203,0.0,0.191,trend_up,True
2026-06-04,2026-06-18,10,977.94,976.18,937.96,-1.76,-39.98,19.4,38.22,4.074801,True,跌,normal,6.436,-0.212,bearish_guard,direction_guard_dampen,0.9472,1.0,0.203,0.0,0.191,trend_up,True
2026-06-05,2026-06-08,1,974.02,960.1,942.2,-13.92,-31.82,80.0,17.9,1.899809,True,跌,normal,-1.681,-1.681,none,none,0.997,-1.0,0.268,1.0,1.284,jump_up,True
2026-06-05,2026-06-09,2,974.02,953.5,947.04,-20.52,-26.98,35.3,6.46,0.682125,True,跌,normal,-2.478,-2.478,none,none,0.7112,-1.0,0.268,1.0,1.284,jump_up,True
2026-06-05,2026-06-10,3,974.02,941.04,919.32,-32.98,-54.7,44.9,21.72,2.362616,True,跌,normal,-5.19,-3.984,none,none,0.1521,-1.0,0.268,1.0,1.284,,False
2026-06-05,2026-06-11,4,974.02,955.76,895.0,-18.26,-79.02,27.2,60.76,6.788827,True,跌,normal,-2.206,-2.206,none,none,0.3432,-1.0,0.268,1.0,1.284,,False
2026-06-05,2026-06-12,5,974.02,961.57,911.62,-12.45,-62.4,23.0,49.95,5.479257,True,跌,normal,-1.504,-1.504,none,none,0.3298,-1.0,0.268,1.0,1.284,,False
2026-06-05,2026-06-15,6,974.02,961.52,938.94,-12.5,-35.08,14.7,22.58,2.404839,True,跌,normal,-1.51,-1.51,none,none,0.5885,-1.0,0.268,1.0,1.284,,False
2026-06-05,2026-06-16,7,974.02,962.15,941.72,-11.87,-32.3,14.8,20.43,2.169435,True,跌,normal,-1.434,-1.434,none,none,0.5945,-1.0,0.268,1.0,1.284,,False
2026-06-05,2026-06-17,8,974.02,972.45,942.94,-1.57,-31.08,6.9,29.51,3.129573,True,跌,normal,0.53,-0.19,bearish_guard,direction_guard_dampen,0.5772,-1.0,0.268,1.0,1.284,,False
2026-06-05,2026-06-18,9,974.02,971.24,937.96,-2.78,-36.06,7.6,33.28,3.548126,True,跌,normal,1.742,-0.335,bearish_guard,direction_guard_dampen,0.4016,-1.0,0.268,1.0,1.284,,False
2026-06-08,2026-06-09,1,942.2,952.54,947.04,10.34,4.84,50.9,5.5,0.580757,True,涨,normal,1.291,1.291,capitulation_rebound_release,none,0.7324,-1.0,0.608,0.0,0.709,trend_down,True
2026-06-08,2026-06-10,2,942.2,941.07,919.32,-1.13,-22.88,25.8,21.75,2.365879,True,跌,normal,3.083,-0.141,short_structure_guard,direction_guard_dampen|low_edge_confidence_dampen,0.956,-1.0,0.608,0.0,0.709,trend_down,True
2026-06-08,2026-06-11,3,942.2,940.81,895.0,-1.39,-47.2,12.2,45.81,5.118436,True,跌,normal,2.227,-0.173,near_breakdown_guard,direction_guard_dampen|low_edge_confidence_dampen,0.6753,-1.0,0.608,0.0,0.709,trend_down,True
2026-06-08,2026-06-12,4,942.2,940.41,911.62,-1.79,-30.58,18.4,28.79,3.158114,True,跌,normal,0.429,-0.224,mid_horizon_breakdown_guard,direction_guard_dampen,0.3451,-1.0,0.608,0.0,0.709,trend_down,True
2026-06-08,2026-06-15,5,942.2,940.21,938.94,-1.99,-3.26,18.3,1.27,0.135259,True,跌,normal,-0.249,-0.249,none,none,0.5977,-1.0,0.608,0.0,0.709,trend_down,True
2026-06-08,2026-06-16,6,942.2,940.74,941.72,-1.46,-0.48,15.4,0.98,0.104065,True,跌,normal,0.76,-0.182,bearish_guard,direction_guard_dampen,0.7402,-1.0,0.608,0.0,0.709,trend_down,True
2026-06-08,2026-06-17,7,942.2,940.62,942.94,-1.58,0.74,14.1,2.32,0.246039,False,跌,normal,2.682,-0.197,bearish_guard,direction_guard_dampen,0.7304,-1.0,0.608,0.0,0.709,trend_down,True
2026-06-08,2026-06-18,8,942.2,940.51,937.96,-1.69,-4.24,15.5,2.55,0.271867,True,跌,normal,1.081,-0.21,bearish_guard,direction_guard_dampen,0.8084,-1.0,0.608,0.0,0.709,trend_down,True
2026-06-09,2026-06-10,1,947.04,934.18,919.32,-12.86,-27.72,67.2,14.86,1.616412,True,跌,normal,-1.598,-1.598,none,none,0.153,0.0,0.196,0.0,0.511,normal,True
2026-06-09,2026-06-11,2,947.04,939.5,895.0,-7.54,-52.04,63.6,44.5,4.972067,True,跌,normal,-0.936,-0.936,none,none,0.0281,0.0,0.196,0.0,0.511,normal,True
2026-06-09,2026-06-12,3,947.04,939.06,911.62,-7.98,-35.42,49.9,27.44,3.010026,True,跌,normal,-0.992,-0.992,none,none,0.0947,0.0,0.196,0.0,0.511,normal,True
2026-06-09,2026-06-15,4,947.04,938.38,938.94,-8.66,-8.1,30.2,0.56,0.059642,True,跌,normal,-1.076,-1.076,none,none,0.2865,0.0,0.196,0.0,0.511,normal,True
2026-06-09,2026-06-16,5,947.04,932.04,941.72,-15.0,-5.32,38.7,9.68,1.027906,True,跌,normal,-1.863,-1.863,none,none,0.0583,0.0,0.196,0.0,0.511,normal,True
2026-06-09,2026-06-17,6,947.04,941.72,942.94,-5.32,-4.1,11.4,1.22,0.129383,True,跌,normal,-0.66,-0.66,none,none,0.4463,0.0,0.196,0.0,0.511,normal,True
2026-06-09,2026-06-18,7,947.04,931.75,937.96,-15.29,-9.08,13.2,6.21,0.662075,True,跌,normal,-1.9,-1.9,none,none,0.4115,0.0,0.196,0.0,0.511,normal,True
2026-06-10,2026-06-11,1,919.32,905.87,895.0,-13.45,-24.32,40.1,10.87,1.214525,True,跌,normal,-1.721,-1.721,none,none,0.6007,-1.0,0.528,0.0,0.841,trend_down,True
2026-06-10,2026-06-12,2,919.32,918.21,911.62,-1.11,-7.7,10.3,6.59,0.722889,True,跌,normal,0.569,-0.141,short_structure_guard,direction_guard_dampen|low_edge_confidence_dampen,0.5929,-1.0,0.528,0.0,0.841,trend_down,True
2026-06-10,2026-06-15,3,919.32,922.65,938.94,3.33,19.62,28.4,16.29,1.734935,True,涨,normal,-2.128,0.426,washout_rebound_release,direction_guard_dampen,0.1868,-1.0,0.528,0.0,0.841,trend_down,True
2026-06-10,2026-06-16,4,919.32,920.84,941.72,1.52,22.4,30.1,20.88,2.21722,True,涨,normal,-0.975,0.195,washout_rebound_release,direction_guard_dampen,0.0963,-1.0,0.528,0.0,0.841,trend_down,True
2026-06-10,2026-06-17,5,919.32,922.44,942.94,3.12,23.62,12.7,20.5,2.174051,True,涨,normal,-1.998,0.4,washout_rebound_release,direction_guard_dampen,0.3782,-1.0,0.528,0.0,0.841,trend_down,True
2026-06-10,2026-06-18,6,919.32,922.12,937.96,2.8,18.64,11.5,15.84,1.688771,True,涨,normal,-1.792,0.358,washout_rebound_release,direction_guard_dampen,0.346,-1.0,0.528,0.0,0.841,trend_down,True
2026-06-11,2026-06-12,1,895.0,906.48,911.62,11.48,16.62,57.4,5.14,0.563831,True,涨,normal,1.509,1.509,capitulation_rebound_release,none,0.7829,-1.0,0.763,0.0,0.793,trend_down,True
2026-06-11,2026-06-15,2,895.0,902.48,938.94,7.48,43.94,44.4,36.46,3.883102,True,涨,normal,0.983,0.983,capitulation_rebound_release,none,0.7947,-1.0,0.763,0.0,0.793,trend_down,True
2026-06-11,2026-06-16,3,895.0,895.32,941.72,0.32,46.72,8.3,46.4,4.927155,True,平,normal,0.12,0.042,near_bearish_decay,direction_guard_dampen|tiny_edge_confidence_dampen,0.6472,-1.0,0.763,0.0,0.793,trend_down,True
2026-06-11,2026-06-17,4,895.0,897.23,942.94,2.23,47.94,11.7,45.71,4.847604,True,涨,normal,0.651,0.293,mid_horizon_structure_decay,direction_guard_dampen,0.5538,-1.0,0.763,0.0,0.793,trend_down,True
2026-06-11,2026-06-18,5,895.0,896.36,937.96,1.36,42.96,19.9,41.6,4.435157,True,涨,normal,0.294,0.179,delayed_capitulation_rebound_release,direction_guard_dampen,0.7897,-1.0,0.763,0.0,0.793,trend_down,True
2026-06-12,2026-06-15,1,911.62,917.64,938.94,6.02,27.32,54.6,21.3,2.268516,True,涨,normal,2.219,0.777,near_bearish_decay,direction_guard_dampen,0.9834,-1.0,0.248,0.0,0.434,trend_down,True
2026-06-12,2026-06-16,2,911.62,916.38,941.72,4.76,30.1,30.9,25.34,2.690821,True,涨,normal,1.755,0.614,near_bearish_decay,whipsaw_confidence_dampen|direction_guard_dampen,0.9748,-1.0,0.248,0.0,0.434,trend_down,True
2026-06-12,2026-06-17,3,911.62,913.64,942.94,2.02,31.32,8.5,29.3,3.107303,True,涨,normal,0.747,0.261,near_bearish_decay,whipsaw_confidence_dampen|direction_guard_dampen|low_edge_confidence_dampen,0.7267,-1.0,0.248,0.0,0.434,trend_down,True
2026-06-12,2026-06-18,4,911.62,914.4,937.96,2.78,26.34,18.2,23.56,2.511834,True,涨,normal,0.797,0.359,mid_horizon_structure_decay,whipsaw_confidence_dampen|direction_guard_dampen,0.9181,-1.0,0.248,0.0,0.434,trend_down,True
2026-06-15,2026-06-16,1,938.94,941.71,941.72,2.77,2.78,49.0,0.01,0.001062,True,涨,normal,-0.63,0.347,short_trendup_classifier_release,direction_guard_dampen,0.8657,1.0,0.428,0.0,0.327,trend_up,True
2026-06-15,2026-06-17,2,938.94,940.78,942.94,1.84,4.0,28.0,2.16,0.229071,True,涨,normal,0.231,0.231,none,whipsaw_confidence_dampen|low_edge_confidence_dampen,0.9791,1.0,0.428,0.0,0.327,trend_up,True
2026-06-15,2026-06-18,3,938.94,937.83,937.96,-1.11,-0.98,14.0,0.13,0.01386,True,跌,normal,0.109,-0.139,weak_trendup_fatigue_guard,whipsaw_confidence_dampen|direction_guard_dampen|low_edge_confidence_dampen,0.9757,1.0,0.428,0.0,0.327,trend_up,True
2026-06-16,2026-06-17,1,941.72,942.36,942.94,0.64,1.22,15.0,0.58,0.06151,True,涨,normal,-0.12,0.08,short_trendup_classifier_release,direction_guard_dampen|tiny_edge_confidence_dampen,0.6908,1.0,0.69,0.0,0.256,trend_up,True
2026-06-16,2026-06-18,2,941.72,936.09,937.96,-5.63,-3.76,35.2,1.87,0.199369,True,跌,normal,-0.704,-0.704,none,none,0.7026,1.0,0.69,0.0,0.256,trend_up,True
2026-06-17,2026-06-18,1,942.94,941.98,937.96,-0.96,-4.98,27.9,4.02,0.42859,True,跌,normal,0.446,-0.12,t1_rebound_exhaustion_guard,direction_guard_dampen|low_edge_confidence_dampen,0.8632,1.0,0.887,0.0,0.278,trend_up,True
